iter	Passed	Remaining
0	159	159392
1	187	93732
2	213	70884
3	229	57119
4	241	48155
5	253	41982
6	270	38320
7	288	35816
8	308	33955
9	327	32394
10	340	30619
11	352	29043
12	364	27678
13	383	27032
14	402	26445
15	421	25916
16	437	25313
17	449	24512
18	461	23826
19	479	23483
20	499	23267
21	518	23043
22	536	22783
23	548	22294
24	563	21972
25	583	21843
26	600	21652
27	620	21537
28	641	21475
29	660	21343
30	677	21179
31	695	21029
32	713	20921
33	734	20862
34	751	20716
35	763	20458
36	775	20191
37	793	20078
38	812	20022
39	834	20016
40	854	19997
41	872	19903
42	886	19734
43	900	19557
44	912	19374
45	930	19307
46	952	19308
47	971	19261
48	985	19124
49	1000	19001
50	1012	18845
51	1027	18726
52	1044	18660
53	1063	18632
54	1082	18598
55	1094	18448
56	1106	18313
57	1122	18223
58	1139	18177
59	1158	18149
60	1177	18130
61	1192	18047
62	1205	17932
63	1218	17827
64	1235	17779
65	1255	17766
66	1275	17760
67	1292	17721
68	1305	17609
69	1316	17495
70	1329	17395
71	1349	17395
72	1368	17380
73	1387	17368
74	1403	17314
75	1416	17221
76	1429	17129
77	1440	17025
78	1459	17012
79	1479	17009
80	1496	16979
81	1511	16916
82	1523	16826
83	1535	16748
84	1547	16662
85	1567	16658
86	1587	16663
87	1607	16658
88	1622	16605
89	1634	16531
90	1646	16444
91	1659	16376
92	1678	16366
93	1694	16334
94	1713	16320
95	1728	16280
96	1740	16202
97	1753	16134
98	1765	16070
99	1785	16065
100	1803	16057
101	1822	16047
102	1838	16009
103	1850	15945
104	1862	15876
105	1873	15801
106	1892	15794
107	1911	15789
108	1930	15783
109	1943	15727
110	1957	15677
111	1968	15609
112	1982	15565
113	2001	15553
114	2019	15541
115	2039	15543
116	2052	15491
117	2064	15432
118	2076	15372
119	2095	15366
120	2114	15358
121	2133	15357
122	2151	15340
123	2163	15284
124	2174	15219
125	2191	15198
126	2211	15200
127	2230	15198
128	2250	15193
129	2265	15159
130	2276	15099
131	2288	15049
132	2299	14992
133	2318	14984
134	2336	14971
135	2356	14967
136	2370	14932
137	2383	14885
138	2394	14833
139	2410	14809
140	2429	14803
141	2448	14797
142	2467	14787
143	2480	14744
144	2491	14690
145	2503	14642
146	2518	14616
147	2536	14603
148	2554	14591
149	2576	14599
150	2589	14557
151	2600	14510
152	2614	14474
153	2634	14470
154	2654	14468
155	2672	14458
156	2690	14443
157	2702	14401
158	2715	14365
159	2734	14358
160	2753	14348
161	2772	14343
162	2790	14329
163	2808	14318
164	2826	14305
165	2845	14295
166	2862	14280
167	2880	14265
168	2898	14253
169	2911	14212
170	2921	14164
171	2932	14117
172	2948	14093
173	2967	14086
174	2985	14075
175	3006	14074
176	3018	14034
177	3029	13991
178	3041	13950
179	3059	13936
180	3078	13930
181	3099	13928
182	3117	13919
183	3130	13882
184	3140	13835
185	3152	13795
186	3171	13786
187	3190	13781
188	3208	13767
189	3226	13753
190	3239	13720
191	3251	13681
192	3270	13673
193	3287	13658
194	3306	13651
195	3324	13639
196	3336	13601
197	3348	13562
198	3359	13522
199	3371	13485
200	3388	13470
201	3406	13457
202	3423	13442
203	3438	13417
204	3449	13378
205	3461	13341
206	3472	13303
207	3489	13287
208	3506	13270
209	3524	13258
210	3542	13244
211	3554	13212
212	3566	13176
213	3577	13140
214	3594	13124
215	3613	13115
216	3632	13108
217	3650	13093
218	3663	13064
219	3677	13037
220	3695	13025
221	3714	13016
222	3733	13008
223	3752	13000
224	3766	12972
225	3777	12936
226	3789	12905
227	3804	12882
228	3824	12875
229	3841	12862
230	3860	12851
231	3877	12834
232	3888	12800
233	3900	12768
234	3912	12735
235	3929	12720
236	3946	12703
237	3962	12686
238	3978	12667
239	3991	12638
240	4001	12601
241	4012	12569
242	4028	12548
243	4044	12532
244	4062	12519
245	4080	12505
246	4094	12481
247	4106	12451
248	4117	12419
249	4129	12388
250	4147	12376
251	4164	12359
252	4181	12347
253	4196	12324
254	4207	12291
255	4218	12260
256	4228	12225
257	4246	12211
258	4263	12199
259	4283	12191
260	4301	12179
261	4312	12147
262	4324	12118
263	4336	12090
264	4357	12084
265	4376	12075
266	4392	12059
267	4408	12041
268	4420	12011
269	4431	11981
270	4443	11954
271	4461	11939
272	4478	11926
273	4495	11910
274	4513	11898
275	4524	11868
276	4535	11838
277	4547	11810
278	4563	11792
279	4579	11776
280	4596	11760
281	4615	11750
282	4627	11725
283	4637	11692
284	4649	11664
285	4660	11634
286	4677	11621
287	4695	11608
288	4713	11597
289	4730	11580
290	4742	11553
291	4753	11525
292	4765	11497
293	4783	11486
294	4800	11473
295	4818	11460
296	4835	11445
297	4846	11418
298	4860	11394
299	4871	11366
300	4888	11352
301	4905	11338
302	4923	11324
303	4940	11311
304	4958	11298
305	4976	11285
306	4994	11273
307	5012	11262
308	5033	11256
309	5051	11242
310	5064	11219
311	5076	11194
312	5094	11181
313	5112	11169
314	5131	11159
315	5150	11148
316	5163	11125
317	5182	11113
318	5200	11101
319	5218	11089
320	5236	11076
321	5254	11064
322	5267	11041
323	5278	11013
324	5289	10986
325	5304	10967
326	5322	10955
327	5341	10943
328	5359	10930
329	5374	10911
330	5387	10888
331	5399	10863
332	5414	10844
333	5432	10832
334	5450	10819
335	5468	10806
336	5486	10793
337	5498	10768
338	5510	10743
339	5521	10718
340	5536	10698
341	5554	10686
342	5572	10673
343	5589	10659
344	5601	10635
345	5613	10609
346	5625	10585
347	5642	10570
348	5657	10553
349	5674	10537
350	5691	10523
351	5704	10502
352	5715	10476
353	5728	10453
354	5743	10435
355	5761	10422
356	5780	10410
357	5797	10396
358	5811	10377
359	5822	10351
360	5833	10326
361	5847	10306
362	5865	10293
363	5881	10277
364	5899	10264
365	5914	10245
366	5926	10222
367	5937	10197
368	5948	10172
369	5965	10157
370	5982	10142
371	5999	10128
372	6016	10114
373	6027	10088
374	6038	10064
375	6050	10041
376	6065	10023
377	6083	10010
378	6102	9998
379	6121	9986
380	6135	9967
381	6147	9945
382	6159	9923
383	6174	9904
384	6194	9894
385	6212	9881
386	6230	9869
387	6242	9845
388	6253	9822
389	6264	9798
390	6281	9783
391	6299	9769
392	6315	9754
393	6332	9739
394	6344	9718
395	6356	9695
396	6368	9673
397	6386	9659
398	6403	9644
399	6419	9629
400	6437	9615
401	6450	9594
402	6461	9571
403	6473	9549
404	6487	9531
405	6505	9517
406	6523	9504
407	6541	9490
408	6553	9469
409	6565	9447
410	6577	9426
411	6592	9408
412	6611	9396
413	6630	9385
414	6648	9371
415	6660	9349
416	6672	9328
417	6683	9306
418	6702	9293
419	6721	9282
420	6740	9269
421	6757	9254
422	6769	9234
423	6781	9211
424	6793	9190
425	6811	9177
426	6830	9166
427	6848	9153
428	6867	9140
429	6881	9122
430	6892	9099
431	6905	9079
432	6917	9058
433	6936	9046
434	6954	9033
435	6973	9020
436	6987	9001
437	6998	8979
438	7009	8957
439	7023	8939
440	7042	8926
441	7060	8914
442	7077	8899
443	7096	8886
444	7116	8875
445	7134	8861
446	7153	8849
447	7172	8837
448	7192	8826
449	7204	8805
450	7216	8784
451	7228	8763
452	7247	8751
453	7264	8737
454	7282	8722
455	7299	8707
456	7310	8686
457	7321	8664
458	7334	8644
459	7352	8631
460	7371	8618
461	7389	8605
462	7407	8591
463	7419	8570
464	7431	8550
465	7445	8532
466	7465	8520
467	7484	8508
468	7503	8495
469	7519	8478
470	7532	8460
471	7546	8441
472	7564	8427
473	7582	8414
474	7602	8402
475	7620	8389
476	7633	8370
477	7645	8348
478	7657	8329
479	7676	8315
480	7694	8302
481	7713	8289
482	7730	8274
483	7742	8254
484	7754	8233
485	7772	8220
486	7790	8206
487	7809	8193
488	7830	8182
489	7842	8162
490	7853	8141
491	7865	8121
492	7881	8105
493	7900	8091
494	7918	8078
495	7938	8066
496	7954	8050
497	7965	8029
498	7978	8010
499	7997	7997
500	8014	7982
501	8031	7967
502	8047	7951
503	8063	7935
504	8074	7914
505	8086	7894
506	8100	7876
507	8116	7860
508	8134	7847
509	8151	7831
510	8167	7815
511	8180	7797
512	8191	7776
513	8205	7758
514	8223	7744
515	8240	7729
516	8258	7715
517	8275	7700
518	8288	7681
519	8300	7662
520	8312	7642
521	8330	7628
522	8348	7614
523	8365	7599
524	8381	7583
525	8393	7563
526	8405	7543
527	8416	7523
528	8435	7510
529	8453	7496
530	8472	7482
531	8490	7468
532	8504	7451
533	8517	7432
534	8529	7413
535	8548	7399
536	8564	7384
537	8582	7370
538	8599	7354
539	8611	7335
540	8623	7316
541	8644	7304
542	8662	7290
543	8681	7277
544	8700	7263
545	8715	7246
546	8727	7227
547	8739	7208
548	8756	7193
549	8774	7179
550	8791	7163
551	8809	7149
552	8821	7130
553	8832	7110
554	8843	7090
555	8858	7073
556	8874	7058
557	8892	7043
558	8910	7029
559	8923	7011
560	8935	6992
561	8948	6974
562	8959	6954
563	8977	6939
564	8994	6924
565	9012	6910
566	9027	6893
567	9039	6874
568	9049	6854
569	9060	6835
570	9079	6821
571	9097	6807
572	9116	6793
573	9134	6779
574	9153	6765
575	9172	6751
576	9190	6737
577	9208	6723
578	9225	6707
579	9239	6690
580	9251	6671
581	9262	6652
582	9273	6633
583	9291	6618
584	9307	6602
585	9325	6588
586	9343	6574
587	9355	6555
588	9366	6535
589	9378	6517
590	9396	6502
591	9414	6488
592	9433	6474
593	9450	6459
594	9462	6440
595	9472	6421
596	9484	6402
597	9502	6387
598	9519	6372
599	9537	6358
600	9555	6343
601	9566	6324
602	9578	6306
603	9590	6287
604	9605	6271
605	9623	6257
606	9642	6242
607	9659	6227
608	9671	6209
609	9684	6191
610	9696	6173
611	9710	6156
612	9729	6142
613	9747	6127
614	9765	6113
615	9778	6095
616	9789	6076
617	9802	6059
618	9816	6041
619	9834	6027
620	9852	6013
621	9871	5998
622	9884	5981
623	9896	5963
624	9909	5945
625	9923	5929
626	9943	5915
627	9961	5900
628	9980	5886
629	9993	5869
630	10004	5850
631	10016	5832
632	10029	5815
633	10046	5799
634	10067	5786
635	10085	5771
636	10098	5754
637	10110	5736
638	10123	5719
639	10135	5701
640	10154	5687
641	10173	5673
642	10192	5659
643	10207	5642
644	10219	5624
645	10231	5606
646	10245	5589
647	10263	5575
648	10282	5560
649	10299	5546
650	10314	5529
651	10327	5512
652	10338	5494
653	10351	5476
654	10369	5461
655	10387	5447
656	10405	5432
657	10420	5415
658	10432	5398
659	10444	5380
660	10456	5362
661	10474	5348
662	10493	5333
663	10511	5319
664	10525	5302
665	10536	5283
666	10548	5266
667	10558	5247
668	10578	5233
669	10595	5218
670	10616	5205
671	10631	5189
672	10642	5171
673	10655	5153
674	10668	5136
675	10687	5122
676	10704	5107
677	10724	5093
678	10739	5076
679	10750	5059
680	10762	5041
681	10776	5024
682	10795	5010
683	10813	4995
684	10831	4980
685	10846	4964
686	10859	4947
687	10872	4930
688	10886	4913
689	10904	4898
690	10924	4885
691	10944	4871
692	10958	4854
693	10972	4837
694	10985	4821
695	11001	4805
696	11023	4791
697	11045	4778
698	11066	4765
699	11078	4748
700	11089	4729
701	11100	4711
702	11115	4695
703	11133	4681
704	11152	4666
705	11171	4652
706	11183	4634
707	11196	4617
708	11214	4603
709	11234	4588
710	11253	4574
711	11272	4559
712	11292	4545
713	11311	4530
714	11330	4516
715	11349	4501
716	11367	4486
717	11386	4472
718	11399	4455
719	11411	4437
720	11423	4420
721	11436	4403
722	11455	4389
723	11475	4374
724	11494	4359
725	11506	4342
726	11518	4325
727	11529	4307
728	11547	4292
729	11566	4278
730	11583	4262
731	11600	4247
732	11612	4229
733	11625	4212
734	11636	4195
735	11655	4180
736	11672	4165
737	11692	4150
738	11709	4135
739	11721	4118
740	11733	4101
741	11750	4085
742	11769	4071
743	11788	4056
744	11805	4040
745	11818	4023
746	11830	4006
747	11842	3989
748	11857	3973
749	11874	3958
750	11891	3942
751	11908	3927
752	11919	3909
753	11932	3892
754	11949	3877
755	11967	3862
756	11985	3847
757	12002	3831
758	12018	3816
759	12031	3799
760	12041	3781
761	12053	3764
762	12071	3749
763	12089	3734
764	12105	3718
765	12121	3703
766	12133	3686
767	12145	3668
768	12162	3653
769	12181	3638
770	12198	3623
771	12217	3608
772	12236	3593
773	12247	3576
774	12260	3559
775	12272	3542
776	12288	3526
777	12306	3511
778	12324	3496
779	12343	3481
780	12356	3464
781	12369	3448
782	12381	3431
783	12396	3415
784	12416	3400
785	12435	3385
786	12453	3370
787	12465	3353
788	12476	3336
789	12488	3319
790	12506	3304
791	12524	3289
792	12543	3274
793	12559	3258
794	12571	3241
795	12584	3225
796	12596	3208
797	12612	3192
798	12631	3177
799	12648	3162
800	12665	3146
801	12677	3129
802	12689	3113
803	12706	3097
804	12724	3082
805	12743	3067
806	12761	3052
807	12775	3035
808	12787	3019
809	12805	3003
810	12824	2988
811	12842	2973
812	12861	2958
813	12876	2942
814	12889	2925
815	12901	2909
816	12912	2892
817	12931	2877
818	12950	2862
819	12969	2846
820	12985	2831
821	12997	2814
822	13011	2798
823	13023	2781
824	13040	2766
825	13059	2751
826	13079	2736
827	13093	2719
828	13105	2703
829	13117	2686
830	13131	2670
831	13149	2655
832	13167	2639
833	13186	2624
834	13199	2608
835	13210	2591
836	13222	2575
837	13238	2559
838	13256	2543
839	13273	2528
840	13292	2513
841	13310	2497
842	13321	2480
843	13333	2464
844	13345	2447
845	13361	2432
846	13380	2416
847	13396	2401
848	13414	2385
849	13426	2369
850	13438	2352
851	13449	2336
852	13465	2320
853	13483	2305
854	13501	2289
855	13520	2274
856	13534	2258
857	13545	2241
858	13558	2225
859	13577	2210
860	13596	2195
861	13615	2179
862	13632	2164
863	13645	2147
864	13657	2131
865	13668	2114
866	13684	2099
867	13699	2083
868	13716	2067
869	13734	2052
870	13746	2035
871	13760	2019
872	13771	2003
873	13786	1987
874	13803	1971
875	13821	1956
876	13838	1940
877	13852	1924
878	13863	1908
879	13875	1892
880	13888	1875
881	13906	1860
882	13923	1844
883	13941	1829
884	13956	1813
885	13968	1797
886	13981	1781
887	13991	1764
888	14008	1749
889	14027	1733
890	14046	1718
891	14063	1702
892	14075	1686
893	14087	1670
894	14101	1654
895	14119	1638
896	14139	1623
897	14157	1608
898	14171	1592
899	14183	1575
900	14194	1559
901	14208	1543
902	14226	1528
903	14244	1512
904	14261	1497
905	14275	1481
906	14286	1464
907	14299	1448
908	14313	1432
909	14331	1417
910	14347	1401
911	14365	1386
912	14380	1370
913	14392	1354
914	14403	1338
915	14415	1321
916	14434	1306
917	14453	1291
918	14472	1275
919	14487	1259
920	14499	1243
921	14510	1227
922	14523	1211
923	14541	1196
924	14560	1180
925	14580	1165
926	14595	1149
927	14608	1133
928	14620	1117
929	14633	1101
930	14652	1085
931	14670	1070
932	14688	1054
933	14703	1039
934	14714	1022
935	14727	1007
936	14743	991
937	14761	975
938	14778	960
939	14798	944
940	14810	928
941	14822	912
942	14835	896
943	14849	880
944	14867	865
945	14885	849
946	14904	834
947	14922	818
948	14935	802
949	14947	786
950	14960	770
951	14976	755
952	14996	739
953	15017	724
954	15033	708
955	15045	692
956	15056	676
957	15069	660
958	15087	645
959	15105	629
960	15123	613
961	15139	598
962	15151	582
963	15164	566
964	15177	550
965	15196	534
966	15214	519
967	15238	503
968	15250	487
969	15262	472
970	15275	456
971	15292	440
972	15310	424
973	15329	409
974	15348	393
975	15366	377
976	15385	362
977	15405	346
978	15436	331
979	15454	315
980	15465	299
981	15477	283
982	15489	267
983	15505	252
984	15523	236
985	15542	220
986	15560	204
987	15572	189
988	15583	173
989	15594	157
990	15611	141
991	15629	126
992	15646	110
993	15665	94
994	15677	78
995	15689	63
996	15701	47
997	15717	31
998	15735	15
999	15754	0
